Sell_date,Buy_date,Product_id,Dealer ID,Plant_id,Seller_id,Quantity,Age,Age_type,District_Id
2019-01-10,2019-01-01,4,98999987,264,,0.9,9,Sell,792
2019-01-16,2019-01-01,4,98999987,264,,1.8,15,Sell,792
2019-01-18,2019-01-01,4,98999987,264,,1.8,17,Sell,792
2019-01-19,2019-01-01,4,98999987,264,,0.9,18,Sell,792
2019-01-21,2019-01-01,4,98999987,264,,0.9,20,Sell,792
2019-01-27,2019-01-01,4,98999987,264,,0.9,26,Sell,792
2019-01-31,2019-01-01,4,98999987,264,,0.9,30,Sell,792
2019-02-11,2019-01-01,4,98999987,264,,0.9,41,Sell,792
2019-02-15,2019-01-01,4,98999987,264,,0.9,45,Sell,792
2021-12-17,2021-12-16,71,98999987,263,99787104,0.25,1,Sell,792
2021-12-18,2021-12-16,71,98999987,263,99787104,0.25,2,Sell,792
2021-12-19,2021-12-16,71,98999987,263,99787104,0.25,3,Sell,792
2024-02-01,2024-01-20,4,98999987,264,99787104,11.7,12,Stock,792
2021-08-24,2019-01-01,4,98999985,264,,3.24,966,Sell,792
2021-08-24,2019-01-01,4,98999985,264,,3.24,966,Sell,792
2021-08-26,2019-01-01,4,98999985,264,,11.475,968,Sell,792
2021-08-26,2019-01-01,4,98999985,264,,11.475,968,Sell,792
2021-08-27,2019-01-01,4,98999985,264,,2.79,969,Sell,792
2021-08-27,2019-01-01,4,98999985,264,,2.79,969,Sell,792
2021-08-28,2019-01-01,4,98999985,264,,14.535,970,Sell,792
2021-08-28,2019-01-01,4,98999985,264,,14.535,970,Sell,792
2021-08-29,2019-01-01,4,98999985,264,,3.51,971,Sell,792
2021-08-29,2019-01-01,4,98999985,264,,3.51,971,Sell,792
2021-09-01,2019-01-01,4,98999985,264,,0.315,974,Sell,792
2021-09-01,2019-01-01,4,98999985,264,,0.315,974,Sell,792
2021-09-02,2019-01-01,4,98999985,264,,5.625,975,Sell,792
2021-09-02,2019-01-01,4,98999985,264,,5.625,975,Sell,792
2021-09-03,2019-01-01,4,98999985,264,,0.945,976,Sell,792
2021-09-03,2019-01-01,4,98999985,264,,0.945,976,Sell,792
2021-09-04,2019-01-01,4,98999985,264,,5.67,977,Sell,792
2021-09-04,2019-01-01,4,98999985,264,,5.67,977,Sell,792
2021-09-06,2019-01-01,4,98999985,264,,13.59,979,Sell,792
2021-09-06,2019-01-01,4,98999985,264,,13.59,979,Sell,792
2021-09-07,2019-01-01,4,98999985,264,,26.145,980,Sell,792
2021-09-07,2019-01-01,4,98999985,264,,26.145,980,Sell,792
2021-09-08,2019-01-01,4,98999985,264,,7.875,981,Sell,792
2021-09-08,2019-01-01,4,98999985,264,,7.875,981,Sell,792
2021-09-09,2019-01-01,4,98999985,264,,15.705,982,Sell,792
2021-09-09,2019-01-01,4,98999985,264,,15.705,982,Sell,792
2021-09-10,2019-01-01,4,98999985,264,,27.45,983,Sell,792
2021-09-10,2019-01-01,4,98999985,264,,27.9,983,Sell,792
2021-09-10,2021-08-21,4,98999985,264,99787104,0.45,20,Sell,792
2021-09-11,2021-08-21,4,98999985,264,99787104,7.92,21,Sell,792
2021-09-11,2021-08-21,4,98999985,264,99787104,7.065,21,Sell,792
2021-09-11,2021-08-21,4,98999985,264,99787104,14.985,21,Sell,792
2021-09-13,2021-08-21,4,98999985,264,99787104,6.075,23,Sell,792
2021-09-13,2021-08-21,4,98999985,264,99787104,12.105,23,Sell,792
2021-09-13,2021-08-25,4,98999985,264,99787104,6.03,19,Sell,792
2021-09-14,2021-08-25,4,98999985,264,99787104,5.85,20,Sell,792
2021-09-14,2021-08-25,4,98999985,264,99787104,5.85,20,Sell,792
2021-09-15,2021-08-25,4,98999985,264,99787104,0.225,21,Sell,792
2021-09-15,2021-08-25,4,98999985,264,99787104,6.795,21,Sell,792
2021-09-15,2021-08-26,4,98999985,264,99787104,6.57,20,Sell,792
2021-09-16,2021-08-26,4,98999985,264,99787104,0.9,21,Sell,792
2021-09-16,2021-08-26,4,98999985,264,99787104,0.9,21,Sell,792
2021-09-18,2021-08-26,4,98999985,264,99787104,0.9,23,Sell,792
2021-09-18,2021-08-26,4,98999985,264,99787104,7.74,23,Sell,792
2021-09-18,2021-08-26,4,98999985,264,99787104,8.64,23,Sell,792
2021-09-20,2021-08-26,4,98999985,264,99787104,23.85,25,Sell,792
2021-09-20,2021-08-27,4,98999985,264,99787104,14.67,24,Sell,792
2021-09-20,2021-08-27,4,98999985,264,99787104,17.19,24,Sell,792
2021-09-20,2021-08-27,4,98999985,264,99787104,8.01,24,Sell,792
2021-09-21,2021-08-27,4,98999985,264,99787104,10.53,25,Sell,792
2021-09-21,2021-08-28,4,98999985,264,99787104,14.94,24,Sell,792
2021-09-21,2021-08-28,4,98999985,264,99787104,4.41,24,Sell,792
2021-09-22,2021-08-28,4,98999985,264,99787104,2.7,25,Sell,792
2021-09-22,2021-08-28,4,98999985,264,99787104,1.575,25,Sell,792
2021-09-22,2021-08-28,4,98999985,264,99787104,4.275,25,Sell,792
2021-09-23,2021-08-28,4,98999985,264,99787104,3.555,26,Sell,792
2021-09-23,2021-08-28,4,98999985,264,99787104,18.945,26,Sell,792
2021-09-23,2021-09-02,4,98999985,264,99787104,15.39,21,Sell,792
2021-09-24,2021-09-02,4,98999985,264,99787104,3.42,22,Sell,792
2021-09-24,2021-09-02,4,98999985,264,99787104,3.42,22,Sell,792
2021-09-27,2021-09-02,4,98999985,264,99787104,12.735,25,Sell,792
2021-09-27,2021-09-02,4,98999985,264,99787104,9.63,25,Sell,792
2021-09-27,2021-09-02,4,98999985,264,99787104,3.105,25,Sell,792
2021-09-29,2021-09-02,4,98999985,264,99787104,6.885,27,Sell,792
2021-09-29,2021-09-02,4,98999985,264,99787104,7.065,27,Sell,792
2021-09-29,2021-09-02,4,98999985,264,99787104,0.18,27,Sell,792
2021-09-30,2021-09-02,4,98999985,264,99787104,1.89,28,Sell,792
2021-09-30,2021-09-02,4,98999985,264,99787104,1.89,28,Sell,792
2021-10-01,2021-09-02,4,98999985,264,99787104,8.82,29,Sell,792
2021-10-02,2021-09-02,4,98999985,264,99787104,4.365,30,Sell,792
2021-10-04,2021-09-02,4,98999985,264,99787104,3.285,32,Sell,792
2021-10-05,2021-09-02,4,98999985,264,99787104,1.755,33,Sell,792
2021-10-05,2021-09-07,4,98999985,264,99739264,0.135,28,Sell,792
2021-10-06,2021-09-07,4,98999985,264,99739264,0.945,29,Sell,792
2021-10-09,2021-09-07,4,98999985,264,99739264,0.945,32,Sell,792
2021-10-10,2021-09-07,4,98999985,264,99739264,22.725,33,Sell,792
2021-11-09,2021-11-01,71,98999981,263,99739264,1.75,8,Sell,792
2021-11-21,2021-11-01,71,98999981,263,99739264,0.4,20,Sell,792
2021-11-22,2021-11-01,71,98999981,263,99739264,0.35,21,Sell,792
2022-01-13,2022-01-10,4,98999981,264,99739258,0.09,3,Sell,792
2022-01-14,2022-01-10,4,98999981,264,99739258,0.18,4,Sell,792
2022-01-16,2022-01-10,4,98999981,264,99739258,0.09,6,Sell,792
2022-01-25,2022-01-10,4,98999981,264,99739258,0.135,15,Sell,792
2022-01-27,2022-01-10,4,98999981,264,99739258,0.45,17,Sell,792
2022-01-30,2022-01-10,4,98999981,264,99739258,0.36,20,Sell,792
2022-02-01,2022-01-10,4,98999981,264,99739258,0.54,22,Sell,792
2022-02-02,2022-01-10,4,98999981,264,99739258,1.35,23,Sell,792
2022-02-03,2022-01-10,4,98999981,264,99739258,1.8,24,Sell,792
2022-02-05,2022-01-10,4,98999981,264,99739258,3.825,26,Sell,792
2022-08-07,2022-01-10,4,98999981,264,99739258,0.09,209,Sell,792
2023-12-20,2023-10-27,4,98999981,264,99739264,1.98,54,Sell,792
2023-12-22,2023-10-27,4,98999981,264,99739264,0.45,56,Sell,792
2023-12-22,2023-12-12,71,98999981,263,99739258,0.9,10,Sell,792
2023-12-22,2023-12-15,71,98999981,263,99787104,5,7,Sell,792
2023-12-27,2023-10-27,4,98999981,264,99739264,1.575,61,Sell,792
2024-01-10,2023-10-27,4,98999981,264,99739264,4.95,75,Sell,792
2024-01-24,2023-10-27,4,98999981,264,99739264,0.045,89,Sell,792
2024-01-24,2024-01-20,4,98999981,264,99739259,4.5,4,Sell,792
2019-01-10,2019-01-09,4,98999971,264,99739259,2.7,1,Sell,792
2019-01-12,2019-01-09,4,98999971,264,99739259,19.8,3,Sell,792
2021-11-26,2021-11-26,71,98999965,263,99739258,0.5,0,Sell,792
2021-12-01,2021-11-26,71,98999965,263,99739258,1.45,5,Sell,792
2021-12-05,2021-11-26,71,98999965,263,99739258,1.6,9,Sell,792
2021-12-08,2021-11-26,71,98999965,263,99739258,2.3,12,Sell,792
2021-12-09,2021-11-26,71,98999965,263,99739258,1.2,13,Sell,792
2021-12-10,2021-11-26,71,98999965,263,99739258,1.25,14,Sell,792
2021-12-16,2021-11-26,71,98999965,263,99739258,1.45,20,Sell,792
2021-12-28,2021-11-26,71,98999965,263,99739258,0.55,32,Sell,792
2021-12-30,2021-11-26,71,98999965,263,99739258,0.35,34,Sell,792
2022-01-04,2021-11-26,71,98999965,263,99739258,1.15,39,Sell,792
2022-01-13,2021-11-26,71,98999965,263,99739258,2.3,48,Sell,792
2022-01-14,2021-11-26,71,98999965,263,99739258,2,49,Sell,792
2022-01-17,2021-11-26,71,98999965,263,99739258,3.25,52,Sell,792
2021-11-23,2021-11-22,71,98999963,263,99739258,1.6,1,Sell,792
2021-11-24,2021-11-22,71,98999963,263,99739258,0.4,2,Sell,792
2021-11-25,2021-11-22,71,98999963,263,99739258,0.5,3,Sell,792
2022-01-11,2022-01-10,4,98999959,264,99739258,0.585,1,Sell,792
2022-01-12,2022-01-10,4,98999959,264,99739258,0.72,2,Sell,792
2022-01-25,2022-01-10,4,98999959,264,99739258,0.135,15,Sell,792
2022-01-26,2022-01-10,4,98999959,264,99739258,1.485,16,Sell,792
2022-02-06,2022-01-10,4,98999959,264,99739258,0.405,27,Sell,792
2022-02-07,2022-01-10,4,98999959,264,99739258,0.36,28,Sell,792
2022-02-08,2022-01-10,4,98999959,264,99739258,0.18,29,Sell,792
2022-02-18,2022-01-10,4,98999959,264,99739258,0.225,39,Sell,792
2022-02-19,2022-01-10,4,98999959,264,99739258,0.18,40,Sell,792
2022-02-23,2022-01-10,4,98999959,264,99739258,0.72,44,Sell,792
2022-02-27,2022-01-10,4,98999959,264,99739258,0.72,48,Sell,792
2022-03-03,2022-01-10,4,98999959,264,99739258,0.36,52,Sell,792
2022-03-06,2022-01-10,4,98999959,264,99739258,0.36,55,Sell,792
2022-03-13,2022-01-10,4,98999959,264,99739258,0.405,62,Sell,792
2022-08-25,2022-01-10,4,98999959,264,99739258,0.27,227,Sell,792
2022-08-27,2022-01-10,4,98999959,264,99739258,0.27,229,Sell,792
2022-09-07,2022-01-10,4,98999959,264,99739258,1.125,240,Sell,792
2022-09-26,2022-01-10,4,98999959,264,99739258,0.36,259,Sell,792
2022-10-30,2022-01-10,4,98999959,264,99739258,0.63,293,Sell,792
2022-11-01,2022-01-10,4,98999959,264,99739258,0.765,295,Sell,792
2022-11-02,2022-01-10,4,98999959,264,99739258,0.405,296,Sell,792
2022-11-10,2022-01-10,4,98999959,264,99739258,1.035,304,Sell,792
2019-01-25,2019-01-01,4,98999955,264,,4.5,24,Sell,792
2019-01-25,2019-01-25,4,98999955,264,99739264,15.5,0,Sell,792
2019-02-12,2019-01-25,4,98999955,264,99739264,4.5,18,Sell,792
2019-02-12,2019-02-05,4,98999955,264,99739264,15.5,7,Sell,792
2019-04-16,2019-02-05,4,98999955,264,99739264,4.5,70,Sell,792
2019-04-16,2019-04-16,4,98999955,264,99739264,18,0,Sell,792
2019-04-16,2019-04-16,4,98999955,264,99739264,22.5,0,Sell,792
2019-04-16,2019-04-16,4,98999955,264,99739264,22.5,0,Sell,792
2021-08-05,2019-04-16,4,98999955,264,99739264,0.135,842,Sell,792
2021-08-05,2019-04-16,4,98999955,264,99739264,0.135,842,Sell,792
2021-08-06,2019-04-16,4,98999955,264,99739264,0.315,843,Sell,792
2021-08-06,2019-04-16,4,98999955,264,99739264,0.315,843,Sell,792
2021-08-07,2019-04-16,4,98999955,264,99739264,0.18,844,Sell,792
2021-08-07,2019-04-16,4,98999955,264,99739264,0.18,844,Sell,792
2021-08-08,2019-04-16,4,98999955,264,99739264,0.585,845,Sell,792
2021-08-08,2019-04-16,4,98999955,264,99739264,0.585,845,Sell,792
2021-08-09,2019-04-16,4,98999955,264,99739264,0.36,846,Sell,792
2021-08-09,2019-04-16,4,98999955,264,99739264,0.36,846,Sell,792
2021-08-12,2019-04-16,4,98999955,264,99739264,0.315,849,Sell,792
2021-08-12,2019-04-16,4,98999955,264,99739264,0.315,849,Sell,792
2021-08-14,2019-04-16,4,98999955,264,99739264,0.27,851,Sell,792
2021-08-14,2019-04-16,4,98999955,264,99739264,0.45,851,Sell,792
2021-08-14,2021-08-02,4,98999955,264,99739258,0.18,12,Sell,792
2021-08-15,2021-08-02,4,98999955,264,99739258,1.17,13,Sell,792
2021-08-15,2021-08-02,4,98999955,264,99739258,1.17,13,Sell,792
2021-08-16,2021-08-02,4,98999955,264,99739258,0.135,14,Sell,792
2021-08-16,2021-08-02,4,98999955,264,99739258,0.135,14,Sell,792
2021-08-17,2021-08-02,4,98999955,264,99739258,0.18,15,Sell,792
2021-08-17,2021-08-02,4,98999955,264,99739258,0.18,15,Sell,792
2021-08-19,2021-08-02,4,98999955,264,99739258,0.225,17,Sell,792
2021-08-19,2021-08-02,4,98999955,264,99739258,0.225,17,Sell,792
2021-08-20,2021-08-02,4,98999955,264,99739258,0.045,18,Sell,792
2021-08-20,2021-08-02,4,98999955,264,99739258,0.045,18,Sell,792
2021-08-21,2021-08-02,4,98999955,264,99739258,0.36,19,Sell,792
2021-08-21,2021-08-02,4,98999955,264,99739258,0.36,19,Sell,792
2021-08-22,2021-08-02,4,98999955,264,99739258,0.045,20,Sell,792
2021-08-22,2021-08-02,4,98999955,264,99739258,0.045,20,Sell,792
2021-11-23,2021-11-22,71,98999953,263,99739258,0.7,1,Sell,792
2021-11-24,2021-11-22,71,98999953,263,99739258,0.45,2,Sell,792
2021-11-25,2021-11-22,71,98999953,263,99739258,1.35,3,Sell,792
2021-11-26,2021-11-22,71,98999953,263,99739258,1.15,4,Sell,792
2021-11-27,2021-11-22,71,98999953,263,99739258,0.55,5,Sell,792
2021-11-28,2021-11-22,71,98999953,263,99739258,0.6,6,Sell,792
2021-11-29,2021-11-22,71,98999953,263,99739258,0.2,7,Sell,792
2021-11-24,2021-11-22,71,98999945,263,99739258,3.2,2,Sell,792
2021-11-25,2021-11-22,71,98999945,263,99739258,4.3,3,Sell,792
2021-11-26,2021-11-22,71,98999945,263,99739258,1.7,4,Sell,792
2021-12-19,2021-11-22,71,98999945,263,99739258,2.1,27,Sell,792
2021-12-21,2021-11-22,71,98999945,263,99739258,3.7,29,Sell,792
2021-08-20,2019-01-01,4,98999939,264,,1.35,962,Sell,792
2021-08-20,2019-01-01,4,98999939,264,,1.35,962,Sell,792
2021-09-22,2019-01-01,4,98999939,264,,2.115,995,Sell,792
2021-09-22,2019-01-01,4,98999939,264,,2.115,995,Sell,792
2021-09-23,2019-01-01,4,98999939,264,,5.67,996,Sell,792
2021-09-23,2021-08-16,4,98999939,264,99739258,1.26,38,Sell,792
2021-09-23,2021-08-16,4,98999939,264,99739258,0.09,38,Sell,792
2021-09-23,2021-09-20,4,98999939,264,99739264,6.84,3,Sell,792
2021-09-24,2021-09-20,4,98999939,264,99739264,2.205,4,Sell,792
2021-09-24,2021-09-20,4,98999939,264,99739264,2.205,4,Sell,792
2021-10-05,2021-09-30,4,98999939,264,99739264,0.99,5,Sell,792
2021-10-11,2021-09-30,4,98999939,264,99739264,1.17,11,Sell,792
2021-10-12,2021-09-30,4,98999939,264,99739264,0.81,12,Sell,792
2021-10-20,2021-09-30,4,98999939,264,99739264,1.17,20,Sell,792
2021-11-10,2021-09-30,4,98999939,264,99739264,2.7,41,Sell,792
2021-11-11,2021-09-30,4,98999939,264,99739264,1.08,42,Sell,792
2021-11-11,2021-10-19,4,98999939,264,99739264,6.75,23,Sell,792
2021-11-11,2021-11-11,4,98999939,264,99739264,1.08,0,Sell,792
2021-11-12,2021-11-11,4,98999939,264,99739264,5.085,1,Sell,792
2021-11-13,2021-11-11,4,98999939,264,99739264,3.6,2,Sell,792
2021-11-16,2021-11-11,4,98999939,264,99739264,4.635,5,Sell,792
2021-11-16,2021-11-13,4,98999939,264,99739264,0.225,3,Sell,792
2021-11-17,2021-11-13,4,98999939,264,99739264,11.34,4,Sell,792
2021-11-18,2021-11-13,4,98999939,264,99739264,1.935,5,Sell,792
2021-11-23,2021-11-22,71,98999939,263,99739264,25,1,Sell,792
2021-11-24,2021-11-23,71,98999939,263,99739264,20,1,Sell,792
2021-11-25,2021-11-24,71,98999939,263,99739264,1.35,1,Sell,792
2021-11-29,2021-11-24,71,98999939,263,99739264,13.55,5,Sell,792
2021-11-30,2021-11-24,71,98999939,263,99739264,10.1,6,Sell,792
2021-12-02,2021-11-30,71,98999939,263,99739264,15,2,Sell,792
2021-11-22,2021-11-22,71,98999935,263,99739258,0.5,0,Sell,792
2021-11-23,2021-11-22,71,98999935,263,99739258,4.1,1,Sell,792
2021-11-24,2021-11-22,71,98999935,263,99739258,5.2,2,Sell,792
2021-12-04,2021-11-22,71,98999935,263,99739258,0.2,12,Sell,792
2021-11-18,2021-11-02,71,98999933,263,99739264,0.75,16,Sell,792
2021-11-21,2021-11-02,71,98999933,263,99739264,0.4,19,Sell,792
2021-11-28,2021-11-02,71,98999933,263,99739264,0.25,26,Sell,792
2021-11-29,2021-11-02,71,98999933,263,99739264,0.4,27,Sell,792
2021-11-30,2021-11-02,71,98999933,263,99739264,0.2,28,Sell,792
2021-11-25,2021-11-22,71,98999927,263,99739258,0.15,3,Sell,792
2021-11-26,2021-11-22,71,98999927,263,99739258,0.15,4,Sell,792
2021-11-27,2021-11-22,71,98999927,263,99739258,0.15,5,Sell,792
2021-12-02,2021-11-22,71,98999927,263,99739258,0.2,10,Sell,792
2021-12-16,2021-11-22,71,98999927,263,99739258,0.25,24,Sell,792
2021-12-17,2021-11-22,71,98999927,263,99739258,0.25,25,Sell,792
2021-12-26,2021-11-22,71,98999927,263,99739258,0.25,34,Sell,792
2022-01-15,2021-11-22,71,98999927,263,99739258,0.25,54,Sell,792
2022-01-16,2021-11-22,71,98999927,263,99739258,0.1,55,Sell,792
2022-01-19,2021-11-22,71,98999927,263,99739258,0.1,58,Sell,792
2021-08-12,2019-01-01,4,98999925,264,,1.665,954,Sell,792
2021-08-12,2019-01-01,4,98999925,264,,1.665,954,Sell,792
2021-08-14,2019-01-01,4,98999925,264,,5.535,956,Sell,792
2021-08-14,2019-01-01,4,98999925,264,,1.935,956,Sell,792
2021-08-14,2021-08-07,4,98999925,264,99739264,3.6,7,Sell,792
2021-08-15,2021-08-07,4,98999925,264,99739264,3.6,8,Sell,792
2021-08-15,2021-08-07,4,98999925,264,99739264,3.6,8,Sell,792
2021-11-25,2021-11-03,71,98999915,263,99739258,0.65,22,Sell,792
2021-11-26,2021-11-03,71,98999915,263,99739258,1.8,23,Sell,792
2021-11-27,2021-11-03,71,98999915,263,99739258,1.55,24,Sell,792
2021-11-28,2021-11-03,71,98999915,263,99739258,0.35,25,Sell,792
2021-11-30,2021-11-03,71,98999915,263,99739258,0.25,27,Sell,792
2021-12-01,2021-11-03,71,98999915,263,99739258,0.25,28,Sell,792
2021-12-02,2021-11-03,71,98999915,263,99739258,2.5,29,Sell,792
2021-12-03,2021-11-03,71,98999915,263,99739258,0.1,30,Sell,792
2021-12-05,2021-11-03,71,98999915,263,99739258,0.2,32,Sell,792
2021-12-06,2021-11-03,71,98999915,263,99739258,0.25,33,Sell,792
2021-12-08,2021-11-03,71,98999915,263,99739258,0.55,35,Sell,792
2021-12-09,2021-11-03,71,98999915,263,99739258,0.25,36,Sell,792
2021-12-15,2021-11-27,71,98999911,263,99739258,1.25,18,Sell,792
2021-12-17,2021-11-27,71,98999911,263,99739258,0.5,20,Sell,792
2021-12-19,2021-11-27,71,98999911,263,99739258,0.55,22,Sell,792
2021-12-21,2021-11-27,71,98999911,263,99739258,0.25,24,Sell,792
2021-12-22,2021-11-27,71,98999911,263,99739258,0.5,25,Sell,792
2021-12-23,2021-11-27,71,98999911,263,99739258,0.25,26,Sell,792
2021-12-24,2021-11-27,71,98999911,263,99739258,0.1,27,Sell,792
2021-12-25,2021-11-27,71,98999911,263,99739258,0.1,28,Sell,792
2021-11-29,2021-11-23,71,98999909,263,99739264,2,6,Sell,792
2021-12-01,2021-11-23,71,98999909,263,99739264,0.4,8,Sell,792
2021-12-03,2021-11-23,71,98999909,263,99739264,0.4,10,Sell,792
2021-12-04,2021-11-23,71,98999909,263,99739264,0.35,11,Sell,792
2021-12-06,2021-11-23,71,98999909,263,99739264,0.15,13,Sell,792
2021-12-09,2021-11-23,71,98999909,263,99739264,0.3,16,Sell,792
2021-12-10,2021-11-23,71,98999909,263,99739264,1.05,17,Sell,792
2021-12-11,2021-11-23,71,98999909,263,99739264,0.15,18,Sell,792
2020-01-10,2020-01-10,71,98999905,263,99739264,12.5,0,Sell,792
2020-01-10,2020-01-10,71,98999905,263,99739264,20,0,Sell,792
2021-11-07,2021-11-04,4,98999905,264,99739264,2.25,3,Sell,792
2021-11-26,2021-11-22,71,98999901,263,99739258,1.95,4,Sell,792
2021-11-30,2021-11-22,71,98999901,263,99739258,0.55,8,Sell,792
2021-11-26,2021-11-22,71,98999899,263,99739258,0.65,4,Sell,792
2021-11-27,2021-11-22,71,98999899,263,99739258,0.6,5,Sell,792
2021-11-29,2021-11-22,71,98999899,263,99739258,0.5,7,Sell,792
2021-11-30,2021-11-22,71,98999899,263,99739258,0.65,8,Sell,792
2021-12-01,2021-11-22,71,98999899,263,99739258,0.9,9,Sell,792
2021-12-02,2021-11-22,71,98999899,263,99739258,0.8,10,Sell,792
2021-12-03,2021-11-22,71,98999899,263,99739258,0.15,11,Sell,792
2021-12-04,2021-11-22,71,98999899,263,99739258,0.75,12,Sell,792
2021-12-05,2021-11-22,71,98999899,263,99739258,0.1,13,Sell,792
2021-12-06,2021-11-22,71,98999899,263,99739258,1.15,14,Sell,792
2019-03-29,2019-01-01,4,98999897,264,,0.18,87,Sell,649
2019-12-03,2019-01-01,4,98999897,264,,0.72,336,Sell,649
2019-01-19,2019-01-01,60,98999891,265,,1.25,18,Sell,648
2021-11-24,2021-11-20,71,98999891,263,99714245,0.2,4,Sell,648
2021-12-30,2021-11-20,71,98999891,263,99714245,1.25,40,Sell,648
2022-01-08,2021-11-20,71,98999891,263,99714245,0.75,49,Sell,648
2022-01-14,2021-11-20,71,98999891,263,99714245,0.3,55,Sell,648
2019-01-01,2019-01-01,4,98999889,265,,0.675,0,Sell,648
2019-01-02,2019-01-01,4,98999889,265,,0.45,1,Sell,648
2019-01-05,2019-01-01,4,98999889,265,,1.53,4,Sell,648
2019-01-07,2019-01-01,4,98999889,265,,0.81,6,Sell,648
2019-01-08,2019-01-01,4,98999889,265,,2.295,7,Sell,648
2019-01-09,2019-01-01,4,98999889,265,,1.89,8,Sell,648
2019-01-10,2019-01-01,4,98999889,265,,2.475,9,Sell,648
2019-01-11,2019-01-01,4,98999889,265,,1.845,10,Sell,648
2019-01-12,2019-01-01,4,98999889,265,,0.36,11,Sell,648
2019-01-13,2019-01-01,4,98999889,265,,0.36,12,Sell,648
2019-01-14,2019-01-01,4,98999889,265,,2.475,13,Sell,648
2019-01-15,2019-01-01,4,98999889,265,,3.69,14,Sell,648
2019-01-18,2019-01-01,4,98999889,265,,0.225,17,Sell,648
2019-02-08,2019-01-01,4,98999889,265,,0.225,38,Sell,648
2019-07-30,2019-01-01,4,98999889,265,,0.045,210,Sell,648
2019-08-10,2019-01-01,4,98999889,265,,0.36,221,Sell,648
2021-11-10,2021-11-04,71,98999889,263,99714245,0.1,6,Sell,648
2021-11-11,2021-11-04,71,98999889,263,99714245,0.1,7,Sell,648
2021-11-12,2021-11-04,71,98999889,263,99714245,0.1,8,Sell,648
2021-11-14,2021-11-04,71,98999889,263,99714245,0.3,10,Sell,648
2021-11-15,2021-11-04,71,98999889,263,99714245,0.6,11,Sell,648
2021-11-17,2021-11-04,71,98999889,263,99714245,1.05,13,Sell,648
2021-11-18,2021-11-04,71,98999889,263,99714245,0.65,14,Sell,648
2021-11-19,2021-11-04,71,98999889,263,99714245,0.65,15,Sell,648
2021-11-21,2021-11-04,71,98999889,263,99714245,0.3,17,Sell,648
2021-11-22,2021-11-04,71,98999889,263,99714245,0.65,18,Sell,648
2021-11-23,2021-11-04,71,98999889,263,99714245,0.5,19,Sell,648
2021-11-24,2021-11-04,71,98999889,263,99714245,0.65,20,Sell,648
2021-11-25,2021-11-04,71,98999889,263,99714245,0.15,21,Sell,648
2021-11-26,2021-11-04,71,98999889,263,99714245,0.35,22,Sell,648
2021-11-27,2021-11-04,71,98999889,263,99714245,0.4,23,Sell,648
2021-11-28,2021-11-04,71,98999889,263,99714245,0.5,24,Sell,648
2021-11-28,2021-11-06,71,98999889,263,99714245,0.25,22,Sell,648
2021-11-29,2021-11-06,71,98999889,263,99714245,0.1,23,Sell,648
2021-11-30,2021-11-06,71,98999889,263,99714245,0.65,24,Sell,648
2021-12-01,2021-11-06,71,98999889,263,99714245,0.25,25,Sell,648
2021-12-02,2021-11-06,71,98999889,263,99714245,0.2,26,Sell,648
2021-12-03,2021-11-06,71,98999889,263,99714245,0.1,27,Sell,648
2021-12-04,2021-11-06,71,98999889,263,99714245,0.7,28,Sell,648
2021-12-05,2021-11-06,71,98999889,263,99714245,0.2,29,Sell,648
2021-12-10,2021-11-06,71,98999889,263,99714245,0.05,34,Sell,648
2019-01-28,2019-01-01,4,98999827,264,,0.45,27,Sell,662
2019-01-29,2019-01-01,4,98999827,264,,0.45,28,Sell,662
2019-12-31,2019-12-24,4,98999805,264,98993603,2.88,7,Sell,589
2020-01-01,2019-12-24,4,98999805,264,98993603,1.26,8,Sell,589
2020-01-20,2019-12-24,4,98999805,264,98993603,0.315,27,Sell,589
2020-01-21,2019-12-24,4,98999805,264,98993603,0.045,28,Sell,589
2019-11-02,2019-11-02,60,98999789,265,99739497,0.15,0,Sell,569
2019-11-27,2019-11-02,60,98999789,265,99739497,0.2,25,Sell,569
2019-11-28,2019-11-02,60,98999789,265,99739497,0.15,26,Sell,569
2019-11-29,2019-11-02,60,98999789,265,99739497,0.2,27,Sell,569
2019-12-07,2019-11-02,60,98999789,265,99739497,0.25,35,Sell,569
2019-12-14,2019-11-02,60,98999789,265,99739497,0.25,42,Sell,569
2020-01-08,2019-11-02,60,98999789,265,99739497,0.15,67,Sell,569
2020-01-30,2019-11-02,60,98999789,265,99739497,0.4,89,Sell,569
2020-02-07,2019-11-02,60,98999789,265,99739497,0.2,97,Sell,569
2020-02-08,2019-11-02,60,98999789,265,99739497,0.2,98,Sell,569
2020-02-18,2019-11-02,60,98999789,265,99739497,0.05,108,Sell,569
2020-03-13,2019-11-02,60,98999789,265,99739497,0.25,132,Sell,569
2020-06-10,2019-11-02,60,98999789,265,99739497,0.25,221,Sell,569
2020-06-11,2019-11-02,60,98999789,265,99739497,0.3,222,Sell,569
2020-06-11,2020-02-18,60,98999789,265,99739497,0.1,114,Sell,569
2020-06-13,2020-02-18,60,98999789,265,99739497,0.35,116,Sell,569
2020-06-17,2020-02-18,60,98999789,265,99739497,0.75,120,Sell,569
2020-07-03,2020-02-18,60,98999789,265,99739497,0.4,136,Sell,569
2020-07-09,2020-02-18,60,98999789,265,99739497,0.2,142,Sell,569
2020-09-10,2020-02-18,60,98999789,265,99739497,0.5,205,Sell,569
2020-11-19,2020-02-18,60,98999789,265,99739497,0.7,275,Sell,569
2020-02-25,2020-01-27,60,98999781,265,98996076,0.1,29,Sell,569
2020-02-27,2020-01-27,60,98999781,265,98996076,0.1,31,Sell,569
2020-02-28,2020-01-27,60,98999781,265,98996076,0.15,32,Sell,569
2020-03-16,2020-01-27,60,98999781,265,98996076,0.15,49,Sell,569
2020-03-20,2020-01-27,60,98999781,265,98996076,0.15,53,Sell,569
2020-04-23,2020-01-27,60,98999781,265,98996076,0.15,87,Sell,569
2020-04-23,2020-01-27,60,98999781,265,98996076,0.35,87,Sell,569
2020-07-19,2019-01-01,4,98999781,264,,0.045,565,Sell,569
2020-07-19,2020-07-02,4,98999781,264,98996076,0.945,17,Sell,569
2021-09-24,2020-07-02,4,98999781,264,98996076,0.09,449,Sell,569
2021-09-24,2020-07-02,4,98999781,264,98996076,0.09,449,Sell,569
2021-10-26,2020-01-27,60,98999781,265,98996076,0.25,638,Sell,569
2021-11-11,2020-01-27,60,98999781,265,98996076,0.15,654,Sell,569
2021-12-05,2020-01-27,60,98999781,265,98996076,0.15,678,Sell,569
2021-12-18,2020-01-27,60,98999781,265,98996076,0.05,691,Sell,569
2022-01-08,2020-01-27,60,98999781,265,98996076,0.1,712,Sell,569
2022-01-27,2020-01-27,60,98999781,265,98996076,0.1,731,Sell,569
2022-01-28,2020-01-27,60,98999781,265,98996076,0.05,732,Sell,569
2019-01-01,2019-01-01,4,98999765,264,,0.495,0,Sell,211
2019-01-03,2019-01-01,4,98999765,264,,0.225,2,Sell,211
2019-01-04,2019-01-01,4,98999765,264,,0.135,3,Sell,211
2019-01-06,2019-01-01,4,98999765,264,,0.81,5,Sell,211
2019-01-08,2019-01-01,4,98999765,264,,0.405,7,Sell,211
2019-01-10,2019-01-01,4,98999765,264,,0.225,9,Sell,211
2019-01-12,2019-01-01,4,98999765,264,,0.495,11,Sell,211
2019-01-17,2019-01-01,4,98999765,264,,0.225,16,Sell,211
2019-01-19,2019-01-01,4,98999765,264,,0.45,18,Sell,211
2019-01-20,2019-01-01,4,98999765,264,,0.135,19,Sell,211
2019-01-21,2019-01-01,4,98999765,264,,0.405,20,Sell,211
2019-01-22,2019-01-01,4,98999765,264,,0.45,21,Sell,211
2019-01-23,2019-01-01,4,98999765,264,,0.495,22,Sell,211
2019-01-26,2019-01-01,4,98999765,264,,0.9,25,Sell,211
2019-01-29,2019-01-01,4,98999765,264,,0.36,28,Sell,211
2019-01-30,2019-01-01,4,98999765,264,,0.225,29,Sell,211
2019-01-31,2019-01-01,4,98999765,264,,0.585,30,Sell,211
2019-02-01,2019-01-01,4,98999765,264,,0.27,31,Sell,211
2019-02-02,2019-01-01,4,98999765,264,,0.585,32,Sell,211
2019-02-03,2019-01-01,4,98999765,264,,0.36,33,Sell,211
2019-02-04,2019-01-01,4,98999765,264,,0.135,34,Sell,211
2019-02-06,2019-01-01,4,98999765,264,,0.99,36,Sell,211
2019-02-07,2019-01-01,4,98999765,264,,0.45,37,Sell,211
2019-02-08,2019-01-01,4,98999765,264,,0.18,38,Sell,211
2019-02-12,2019-01-01,4,98999765,264,,0.495,42,Sell,211
2019-02-13,2019-01-01,4,98999765,264,,0.81,43,Sell,211
2019-02-14,2019-01-01,4,98999765,264,,0.585,44,Sell,211
2019-02-16,2019-01-01,4,98999765,264,,0.675,46,Sell,211
2019-02-17,2019-01-01,4,98999765,264,,0.36,47,Sell,211
2019-02-21,2019-01-01,4,98999765,264,,0.18,51,Sell,211
2019-02-22,2019-01-01,4,98999765,264,,0.63,52,Sell,211
2019-02-23,2019-01-01,4,98999765,264,,0.27,53,Sell,211
2019-02-24,2019-01-01,4,98999765,264,,0.99,54,Sell,211
2019-02-25,2019-01-01,4,98999765,264,,0.405,55,Sell,211
2019-02-26,2019-01-01,4,98999765,264,,0.225,56,Sell,211
2019-02-27,2019-01-01,4,98999765,264,,1.17,57,Sell,211
2019-02-28,2019-01-01,4,98999765,264,,0.225,58,Sell,211
2019-03-01,2019-01-01,4,98999765,264,,1.035,59,Sell,211
2019-03-02,2019-01-01,4,98999765,264,,0.675,60,Sell,211
2019-03-03,2019-01-01,4,98999765,264,,0.225,61,Sell,211
2019-03-03,2019-02-21,4,98999765,264,1,0.045,10,Sell,211
2019-03-04,2019-02-21,4,98999765,264,1,0.18,11,Sell,211
2019-03-06,2019-02-21,4,98999765,264,1,0.27,13,Sell,211
2019-03-07,2019-02-21,4,98999765,264,1,0.9,14,Sell,211
2019-03-09,2019-02-21,4,98999765,264,1,0.675,16,Sell,211
2019-03-10,2019-02-21,4,98999765,264,1,0.225,17,Sell,211
2019-03-11,2019-02-21,4,98999765,264,1,0.27,18,Sell,211
2019-03-12,2019-02-21,4,98999765,264,1,0.855,19,Sell,211
2019-03-18,2019-02-21,4,98999765,264,1,0.765,25,Sell,211
2019-03-25,2019-02-21,4,98999765,264,1,0.81,32,Sell,211
2019-05-29,2019-02-21,4,98999765,264,1,0.27,97,Sell,211
2019-06-02,2019-02-21,4,98999765,264,1,0.36,101,Sell,211
2019-06-04,2019-02-21,4,98999765,264,1,0.45,103,Sell,211
2019-07-08,2019-02-21,4,98999765,264,1,1.08,137,Sell,211
2019-07-09,2019-02-21,4,98999765,264,1,3.825,138,Sell,211
2019-07-10,2019-02-21,4,98999765,264,1,11.88,139,Sell,211
2019-07-11,2019-02-21,4,98999765,264,1,4.14,140,Sell,211
2019-07-11,2019-06-26,4,98999765,264,1,2.7,15,Sell,211
2019-07-12,2019-06-26,4,98999765,264,1,4.005,16,Sell,211
2019-07-18,2019-06-26,4,98999765,264,1,11.295,22,Sell,211
2019-08-07,2019-07-05,4,98999765,264,1,5.535,33,Sell,211
2019-08-08,2019-07-05,4,98999765,264,1,8.865,34,Sell,211
2019-08-08,2019-08-02,4,98999765,265,1,1.395,6,Sell,211
2019-08-09,2019-08-02,4,98999765,265,1,1.17,7,Sell,211
2019-08-10,2019-08-02,4,98999765,265,1,4.815,8,Sell,211
2019-08-11,2019-08-02,4,98999765,265,1,9.09,9,Sell,211
2019-08-13,2019-08-02,4,98999765,265,1,0.495,11,Sell,211
2019-08-18,2019-08-02,4,98999765,265,1,0.27,16,Sell,211
2019-08-25,2019-08-02,4,98999765,265,1,0.27,23,Sell,211
2019-08-27,2019-08-02,4,98999765,265,1,1.44,25,Sell,211
2019-08-28,2019-08-02,4,98999765,265,1,0.225,26,Sell,211
2019-08-29,2019-08-02,4,98999765,265,1,0.225,27,Sell,211
2019-08-31,2019-08-02,4,98999765,265,1,0.18,29,Sell,211
2019-09-11,2019-08-02,4,98999765,265,1,0.225,40,Sell,211
2019-09-24,2019-08-25,4,98999765,264,1,0.495,30,Sell,211
2019-09-28,2019-08-02,60,98999765,265,1,0.1,57,Sell,211
2019-10-05,2019-08-02,60,98999765,265,1,0.05,64,Sell,211
2019-10-05,2019-08-25,4,98999765,264,1,0.18,41,Sell,211
2019-10-13,2019-08-02,60,98999765,265,1,0.15,72,Sell,211
2019-10-16,2019-08-02,60,98999765,265,1,0.2,75,Sell,211
2019-10-16,2019-08-25,4,98999765,264,1,0.135,52,Sell,211
2019-10-18,2019-08-02,60,98999765,265,1,0.05,77,Sell,211
2019-10-18,2019-08-25,4,98999765,264,1,0.225,54,Sell,211
2019-10-20,2019-08-02,60,98999765,265,1,0.05,79,Sell,211
2019-10-22,2019-08-02,60,98999765,265,1,0.1,81,Sell,211
2019-10-22,2019-08-25,4,98999765,264,1,0.27,58,Sell,211
2019-10-31,2019-08-02,60,98999765,265,1,0.15,90,Sell,211
2019-10-31,2019-08-25,4,98999765,264,1,0.315,67,Sell,211
2019-11-08,2019-08-25,4,98999765,264,1,0.27,75,Sell,211
2019-11-09,2019-08-25,4,98999765,264,1,1.485,76,Sell,211
2019-11-14,2019-08-02,60,98999765,265,1,0.3,104,Sell,211
2019-11-14,2019-08-25,4,98999765,264,1,0.36,81,Sell,211
2019-11-15,2019-08-02,60,98999765,265,1,0.35,105,Sell,211
2019-11-15,2019-08-25,4,98999765,264,1,0.135,82,Sell,211
2019-11-16,2019-08-02,60,98999765,265,1,0.2,106,Sell,211
2019-11-16,2019-08-25,4,98999765,264,1,0.675,83,Sell,211
2019-11-17,2019-08-02,60,98999765,265,1,0.15,107,Sell,211
2019-11-17,2019-08-25,4,98999765,264,1,0.36,84,Sell,211
2019-11-21,2019-08-02,60,98999765,265,1,0.25,111,Sell,211
2019-11-22,2019-08-02,60,98999765,265,1,0.2,112,Sell,211
2019-11-22,2019-08-25,4,98999765,264,1,0.18,89,Sell,211
2019-11-25,2019-08-02,60,98999765,265,1,0.15,115,Sell,211
2019-11-26,2019-08-25,4,98999765,264,1,0.045,93,Sell,211
2019-11-27,2019-08-02,60,98999765,265,1,0.55,117,Sell,211
2019-11-28,2019-08-02,60,98999765,265,1,0.1,118,Sell,211
2019-11-28,2019-08-25,4,98999765,264,1,0.045,95,Sell,211
2019-11-29,2019-08-02,60,98999765,265,1,0.15,119,Sell,211
2019-11-30,2019-08-02,60,98999765,265,1,0.1,120,Sell,211
2019-12-02,2019-08-02,60,98999765,265,1,0.15,122,Sell,211
2019-12-03,2019-08-25,4,98999765,264,1,0.09,100,Sell,211
2019-12-07,2019-08-02,60,98999765,265,1,0.15,127,Sell,211
2019-12-10,2019-08-02,60,98999765,265,1,0.1,130,Sell,211
2019-12-15,2019-08-25,4,98999765,264,1,0.135,112,Sell,211
2019-12-16,2019-08-02,60,98999765,265,1,0.1,136,Sell,211
2019-12-18,2019-08-02,60,98999765,265,1,0.15,138,Sell,211
2019-01-05,2019-01-01,4,98999731,264,,0.45,4,Sell,115
2019-01-10,2019-01-01,4,98999731,264,,0.9,9,Sell,115
2019-01-11,2019-01-01,4,98999731,264,,0.45,10,Sell,115
2019-12-04,2019-01-01,4,98999731,264,,0.045,337,Sell,115
2022-01-13,2022-01-10,4,98999731,264,99740585,0.54,3,Sell,115
2022-01-14,2022-01-10,4,98999731,264,99740585,0.54,4,Sell,115
2022-01-15,2022-01-10,4,98999731,264,99740585,0.405,5,Sell,115
2022-01-17,2022-01-10,4,98999731,264,99740585,3.105,7,Sell,115
2022-01-18,2022-01-10,4,98999731,264,99740585,0.54,8,Sell,115
2022-01-19,2022-01-10,4,98999731,264,99740585,1.62,9,Sell,115
2022-03-01,2022-03-01,4,98999731,264,99740585,0.27,0,Sell,115
2022-03-03,2022-03-01,4,98999731,264,99740585,5.94,2,Sell,115
2022-03-04,2022-03-01,4,98999731,264,99740585,1.845,3,Sell,115
2022-02-15,2022-01-30,4,98999715,264,99738151,0.54,16,Sell,657
2022-02-16,2022-01-30,4,98999715,264,99738151,0.36,17,Sell,657
2022-02-17,2022-01-30,4,98999715,264,99738151,1.305,18,Sell,657
2022-02-21,2022-01-30,4,98999715,264,99738151,0.45,22,Sell,657
2022-02-23,2022-01-30,4,98999715,264,99738151,1.08,24,Sell,657
2022-02-24,2022-01-30,4,98999715,264,99738151,0.675,25,Sell,657
2022-02-25,2022-01-30,4,98999715,264,99738151,0.36,26,Sell,657
2022-02-26,2022-01-30,4,98999715,264,99738151,0.63,27,Sell,657
2021-08-18,2019-01-01,4,98999713,264,,0.495,960,Sell,657
2021-08-18,2019-01-01,4,98999713,264,,0.495,960,Sell,657
2021-08-20,2019-01-01,4,98999713,264,,0.99,962,Sell,657
2021-08-20,2019-01-01,4,98999713,264,,0.72,962,Sell,657
2021-08-20,2021-08-18,4,98999713,264,99738153,0.27,2,Sell,657
2021-08-22,2021-08-18,4,98999713,264,99738153,0.36,4,Sell,657
2021-08-22,2021-08-18,4,98999713,264,99738153,0.36,4,Sell,657
2021-08-24,2021-08-18,4,98999713,264,99738153,0.45,6,Sell,657
2021-08-24,2021-08-18,4,98999713,264,99738153,0.45,6,Sell,657
2021-09-07,2021-08-18,4,98999713,264,99738153,0.405,20,Sell,657
2021-09-07,2021-08-18,4,98999713,264,99738153,0.405,20,Sell,657
2021-12-01,2021-11-07,71,98999711,263,99738153,1.15,24,Sell,657
2021-12-02,2021-11-07,71,98999711,263,99738153,0.7,25,Sell,657
2021-12-06,2021-11-07,71,98999711,263,99738153,0.4,29,Sell,657
2021-12-08,2021-11-07,71,98999711,263,99738153,0.25,31,Sell,657
2021-11-01,2021-10-31,71,98999703,263,99738153,0.4,1,Sell,657
2021-11-03,2021-10-31,71,98999703,263,99738153,0.25,3,Sell,657
2021-11-04,2021-10-31,71,98999703,263,99738153,0.95,4,Sell,657
2021-11-06,2021-10-31,71,98999703,263,99738153,1.65,6,Sell,657
2021-11-06,2021-10-31,71,98999703,263,99738153,0.9,6,Sell,657
2021-11-07,2021-10-31,71,98999703,263,99738153,0.35,7,Sell,657
2021-11-08,2021-10-31,71,98999703,263,99738153,0.8,8,Sell,657
2021-11-09,2021-10-31,71,98999703,263,99738153,0.2,9,Sell,657
2022-02-03,2022-01-30,4,98999703,264,99738156,0.315,4,Sell,657
2022-02-04,2022-01-30,4,98999703,264,99738156,0.27,5,Sell,657
2022-02-06,2022-01-30,4,98999703,264,99738156,0.27,7,Sell,657
2022-02-07,2022-01-30,4,98999703,264,99738156,0.27,8,Sell,657
2022-02-09,2022-01-30,4,98999703,264,99738156,0.36,10,Sell,657
2022-02-16,2022-01-30,4,98999703,264,99738156,0.135,17,Sell,657
2022-02-25,2022-01-30,4,98999703,264,99738156,0.09,26,Sell,657
2022-03-09,2022-01-30,4,98999703,264,99738156,0.09,38,Sell,657
2022-03-10,2022-01-30,4,98999703,264,99738156,0.675,39,Sell,657
2022-03-12,2022-01-30,4,98999703,264,99738156,0.81,41,Sell,657
2022-03-21,2022-01-30,4,98999703,264,99738156,0.225,50,Sell,657
2022-04-28,2022-01-30,4,98999703,264,99738156,0.18,88,Sell,657
2022-05-06,2022-01-30,4,98999703,264,99738156,0.135,96,Sell,657
2022-05-26,2022-01-30,4,98999703,264,99738156,0.225,116,Sell,657
2022-06-14,2022-01-30,4,98999703,264,99738156,0.225,135,Sell,657
2022-06-16,2022-01-30,4,98999703,264,99738156,0.225,137,Sell,657
2021-08-20,2019-01-01,4,98999699,264,,0.855,962,Sell,657
2021-08-20,2019-01-01,4,98999699,264,,0.855,962,Sell,657
2021-08-21,2019-01-01,4,98999699,264,,0.9,963,Sell,657
2021-08-21,2019-01-01,4,98999699,264,,0.9,963,Sell,657
2021-08-25,2019-01-01,4,98999699,264,,0.225,967,Sell,657
2021-08-25,2019-01-01,4,98999699,264,,0.225,967,Sell,657
2021-08-26,2019-01-01,4,98999699,264,,0.135,968,Sell,657
2021-08-26,2019-01-01,4,98999699,264,,0.405,968,Sell,657
2021-08-26,2021-08-18,4,98999699,264,99738153,0.27,8,Sell,657
2021-08-28,2021-08-18,4,98999699,264,99738153,0.315,10,Sell,657
2021-08-28,2021-08-18,4,98999699,264,99738153,0.315,10,Sell,657
2021-08-29,2021-08-18,4,98999699,264,99738153,0.54,11,Sell,657
2021-08-29,2021-08-18,4,98999699,264,99738153,0.54,11,Sell,657
2021-08-30,2021-08-18,4,98999699,264,99738153,0.675,12,Sell,657
2021-08-30,2021-08-18,4,98999699,264,99738153,0.675,12,Sell,657
2021-08-31,2021-08-18,4,98999699,264,99738153,0.45,13,Sell,657
2021-08-31,2021-08-18,4,98999699,264,99738153,0.45,13,Sell,657
2021-09-02,2021-08-18,4,98999699,264,99738153,0.135,15,Sell,657
2021-09-02,2021-08-18,4,98999699,264,99738153,0.135,15,Sell,657
2021-11-21,2021-11-14,71,98999699,263,99738153,0.55,7,Sell,657
2021-11-22,2021-11-14,71,98999699,263,99738153,1,8,Sell,657
2021-11-23,2021-11-14,71,98999699,263,99738153,1.1,9,Sell,657
2021-11-29,2021-11-14,71,98999699,263,99738153,1.15,15,Sell,657
2021-11-30,2021-11-14,71,98999699,263,99738153,1.2,16,Sell,657
2022-02-07,2022-01-30,4,98999699,264,99738156,0.63,8,Sell,657
2022-02-13,2022-01-30,4,98999699,264,99738156,0.27,14,Sell,657
2022-02-15,2022-01-30,4,98999699,264,99738156,1.08,16,Sell,657
2022-02-17,2022-01-30,4,98999699,264,99738156,0.72,18,Sell,657
2022-02-18,2022-01-30,4,98999699,264,99738156,0.225,19,Sell,657
2022-02-19,2022-01-30,4,98999699,264,99738156,0.99,20,Sell,657
2022-02-20,2022-01-30,4,98999699,264,99738156,0.45,21,Sell,657
2022-02-21,2022-01-30,4,98999699,264,99738156,1.08,22,Sell,657
2022-03-01,2022-01-30,4,98999699,264,99738156,0.765,30,Sell,657
2022-03-02,2022-01-30,4,98999699,264,99738156,0.225,31,Sell,657
2022-03-03,2022-01-30,4,98999699,264,99738156,0.63,32,Sell,657
2022-03-04,2022-01-30,4,98999699,264,99738156,0.225,33,Sell,657
2022-03-11,2022-01-30,4,98999699,264,99738156,0.18,40,Sell,657
2022-03-12,2022-01-30,4,98999699,264,99738156,0.9,41,Sell,657
2022-03-14,2022-01-30,4,98999699,264,99738156,0.45,43,Sell,657
2022-03-16,2022-01-30,4,98999699,264,99738156,0.405,45,Sell,657
2022-03-19,2022-01-30,4,98999699,264,99738156,0.225,48,Sell,657
2022-04-09,2022-01-30,4,98999699,264,99738156,0.135,69,Sell,657
2022-04-19,2022-01-30,4,98999699,264,99738156,0.405,79,Sell,657
2022-04-21,2022-01-30,4,98999699,264,99738156,0.45,81,Sell,657
2022-04-26,2022-01-30,4,98999699,264,99738156,0.225,86,Sell,657
2022-04-27,2022-01-30,4,98999699,264,99738156,0.225,87,Sell,657
2022-05-04,2022-01-30,4,98999699,264,99738156,0.225,94,Sell,657
2022-05-05,2022-01-30,4,98999699,264,99738156,0.9,95,Sell,657
2022-05-07,2022-01-30,4,98999699,264,99738156,0.135,97,Sell,657
2022-02-05,2022-02-01,4,98999697,264,99695398,0.81,4,Sell,657
2022-02-07,2022-02-01,4,98999697,264,99695398,4.635,6,Sell,657
2022-02-08,2022-02-01,4,98999697,264,99695398,1.215,7,Sell,657
2022-02-09,2022-02-01,4,98999697,264,99695398,1.575,8,Sell,657
2022-03-10,2022-02-01,4,98999697,264,99695398,0.765,37,Sell,657
2022-02-08,2022-01-29,4,98999695,264,99738153,4.23,10,Sell,657
2022-02-10,2022-01-29,4,98999695,264,99738153,1.755,12,Sell,657
2022-02-11,2022-01-29,4,98999695,264,99738153,2.52,13,Sell,657
2022-02-12,2022-01-29,4,98999695,264,99738153,3.78,14,Sell,657
2022-02-13,2022-01-29,4,98999695,264,99738153,2.205,15,Sell,657
2022-02-14,2022-01-29,4,98999695,264,99738153,1.26,16,Sell,657
2021-08-18,2019-01-01,4,98999691,264,,1.125,960,Sell,657
2021-08-18,2019-01-01,4,98999691,264,,1.125,960,Sell,657
2021-08-19,2019-01-01,4,98999691,264,,0.675,961,Sell,657
2021-08-19,2019-01-01,4,98999691,264,,0.675,961,Sell,657
2021-08-20,2019-01-01,4,98999691,264,,0.225,962,Sell,657
2021-08-20,2019-01-01,4,98999691,264,,0.225,962,Sell,657
2021-08-27,2019-01-01,4,98999691,264,,1.575,969,Sell,657
2021-08-27,2021-08-18,4,98999691,264,99738153,2.79,9,Sell,657
2021-08-27,2021-08-18,4,98999691,264,99738153,1.215,9,Sell,657
2021-08-28,2021-08-18,4,98999691,264,99738153,0.81,10,Sell,657
2021-08-28,2021-08-18,4,98999691,264,99738153,0.81,10,Sell,657
2021-11-03,2021-10-30,71,98999691,263,99738156,0.3,4,Sell,657
2021-11-04,2021-10-30,71,98999691,263,99738156,0.1,5,Sell,657
2021-11-07,2021-10-30,71,98999691,263,99738156,0.2,8,Sell,657
2021-11-08,2021-10-30,71,98999691,263,99738156,0.25,9,Sell,657
2021-11-09,2021-10-30,71,98999691,263,99738156,0.1,10,Sell,657
2021-11-11,2021-10-30,71,98999691,263,99738156,0.1,12,Sell,657
2021-11-13,2021-10-30,71,98999691,263,99738156,0.45,14,Sell,657
2021-11-14,2021-10-30,71,98999691,263,99738156,0.35,15,Sell,657
2021-11-15,2021-10-30,71,98999691,263,99738156,0.1,16,Sell,657
2021-11-16,2021-10-30,71,98999691,263,99738156,0.2,17,Sell,657
2021-11-27,2021-10-30,71,98999691,263,99738156,0.3,28,Sell,657
2021-11-28,2021-10-30,71,98999691,263,99738156,0.05,29,Sell,657
2022-04-24,2022-03-27,4,98999691,264,99738156,0.18,28,Sell,657
2022-04-27,2022-03-27,4,98999691,264,99738156,0.18,31,Sell,657
2022-05-11,2022-03-27,4,98999691,264,99738156,0.225,45,Sell,657
2022-05-17,2022-03-27,4,98999691,264,99738156,0.135,51,Sell,657
2022-08-25,2022-03-27,4,98999691,264,99738156,0.945,151,Sell,657
2022-08-28,2022-03-27,4,98999691,264,99738156,3.33,154,Sell,657
2022-08-29,2022-03-27,4,98999691,264,99738156,3.87,155,Sell,657
2022-08-30,2022-03-27,4,98999691,264,99738156,0.135,156,Sell,657
2021-02-19,2019-01-01,4,98999689,264,,0.36,780,Sell,657
2021-02-23,2019-01-01,4,98999689,264,,0.18,784,Sell,657
2021-02-25,2019-01-01,4,98999689,264,,0.135,786,Sell,657
2021-02-26,2019-01-01,4,98999689,264,,0.225,787,Sell,657
2021-02-27,2019-01-01,4,98999689,264,,0.135,788,Sell,657
2021-03-01,2019-01-01,4,98999689,264,,0.135,790,Sell,657
2021-03-02,2019-01-01,4,98999689,264,,0.315,791,Sell,657
2021-03-04,2019-01-01,4,98999689,264,,0.09,793,Sell,657
2021-03-06,2019-01-01,4,98999689,264,,0.225,795,Sell,657
2021-03-08,2019-01-01,4,98999689,264,,0.18,797,Sell,657
2021-03-21,2019-01-01,4,98999689,264,,0.09,810,Sell,657
2021-03-24,2019-01-01,4,98999689,264,,1.305,813,Sell,657
2021-03-24,2021-02-19,4,98999689,264,99695400,1.125,33,Sell,657
2021-08-23,2021-02-19,4,98999689,264,99695400,1.665,185,Sell,657
2021-08-23,2021-02-19,4,98999689,264,99695400,1.71,185,Sell,657
2021-08-23,2021-08-18,4,98999689,264,99738156,0.045,5,Sell,657
2021-08-24,2021-08-18,4,98999689,264,99738156,1.62,6,Sell,657
2021-08-24,2021-08-18,4,98999689,264,99738156,1.62,6,Sell,657
2021-08-25,2021-08-18,4,98999689,264,99738156,0.045,7,Sell,657
2021-08-25,2021-08-18,4,98999689,264,99738156,0.045,7,Sell,657
2021-11-12,2021-10-31,71,98999689,263,99695400,1.25,12,Sell,657
2021-11-13,2021-10-31,71,98999689,263,99695400,1.25,13,Sell,657
2021-12-19,2021-11-04,71,98999687,263,99738153,0.35,45,Sell,657
2021-12-26,2021-11-04,71,98999687,263,99738153,1.25,52,Sell,657
2022-01-08,2021-11-04,71,98999687,263,99738153,0.75,65,Sell,657
2022-01-16,2021-11-04,71,98999687,263,99738153,0.15,73,Sell,657
2022-07-10,2022-02-08,4,98999687,264,99738153,1.53,152,Sell,657
2022-07-31,2022-02-08,4,98999687,264,99738153,0.45,173,Sell,657
2022-08-13,2022-02-08,4,98999687,264,99738153,0.045,186,Sell,657
2022-08-13,2022-03-22,4,98999687,264,99738153,0.63,144,Sell,657
2022-08-14,2022-03-22,4,98999687,264,99738153,1.35,145,Sell,657
2022-08-28,2022-03-22,4,98999687,264,99738153,1.575,159,Sell,657
2022-09-04,2022-03-22,4,98999687,264,99738153,0.675,166,Sell,657
2022-09-11,2022-03-22,4,98999687,264,99738153,0.27,173,Sell,657
2021-11-13,2021-10-31,71,98999683,263,99738153,0.9,13,Sell,657
2021-11-14,2021-10-31,71,98999683,263,99738153,0.95,14,Sell,657
2021-11-15,2021-10-31,71,98999683,263,99738153,0.5,15,Sell,657
2021-11-16,2021-10-31,71,98999683,263,99738153,0.05,16,Sell,657
2021-11-17,2021-10-31,71,98999683,263,99738153,0.05,17,Sell,657
2021-11-23,2021-10-31,71,98999683,263,99738153,0.05,23,Sell,657
2022-02-04,2022-01-29,4,98999683,264,99738153,0.18,6,Sell,657
2022-02-05,2022-01-29,4,98999683,264,99738153,0.18,7,Sell,657
2022-02-06,2022-01-29,4,98999683,264,99738153,0.225,8,Sell,657
2022-02-07,2022-01-29,4,98999683,264,99738153,0.99,9,Sell,657
2022-02-08,2022-01-29,4,98999683,264,99738153,1.395,10,Sell,657
2022-02-09,2022-01-29,4,98999683,264,99738153,0.675,11,Sell,657
2022-02-10,2022-01-29,4,98999683,264,99738153,1.485,12,Sell,657
2022-02-11,2022-01-29,4,98999683,264,99738153,1.08,13,Sell,657
2022-02-12,2022-01-29,4,98999683,264,99738153,0.945,14,Sell,657
2022-02-13,2022-01-29,4,98999683,264,99738153,0.495,15,Sell,657
2022-02-15,2022-01-29,4,98999683,264,99738153,0.495,17,Sell,657
2022-02-16,2022-01-29,4,98999683,264,99738153,0.135,18,Sell,657
2022-02-17,2022-01-29,4,98999683,264,99738153,0.405,19,Sell,657
2022-02-18,2022-01-29,4,98999683,264,99738153,0.405,20,Sell,657
2022-02-22,2022-01-29,4,98999683,264,99738153,0.225,24,Sell,657
2022-02-24,2022-01-29,4,98999683,264,99738153,0.18,26,Sell,657
2022-02-25,2022-01-29,4,98999683,264,99738153,0.225,27,Sell,657
2022-02-26,2022-01-29,4,98999683,264,99738153,0.18,28,Sell,657
2022-02-27,2022-01-29,4,98999683,264,99738153,0.135,29,Sell,657
2022-03-01,2022-01-29,4,98999683,264,99738153,0.09,31,Sell,657
2022-03-26,2022-03-22,4,98999683,264,99738153,0.225,4,Sell,657
2022-04-09,2022-03-22,4,98999683,264,99738153,0.405,18,Sell,657
2022-07-18,2022-03-22,4,98999683,264,99738153,0.225,118,Sell,657
2022-07-23,2022-03-22,4,98999683,264,99738153,1.215,123,Sell,657
2022-07-24,2022-03-22,4,98999683,264,99738153,1.305,124,Sell,657
2022-07-25,2022-03-22,4,98999683,264,99738153,0.585,125,Sell,657
2022-07-28,2022-03-22,4,98999683,264,99738153,0.135,128,Sell,657
2022-07-30,2022-03-22,4,98999683,264,99738153,0.225,130,Sell,657
2022-08-09,2022-03-22,4,98999683,264,99738153,0.135,140,Sell,657
2022-08-14,2022-03-22,4,98999683,264,99738153,0.045,145,Sell,657
2021-08-17,2019-01-01,4,98999677,264,,0.18,959,Sell,657
2021-08-17,2019-01-01,4,98999677,264,,0.18,959,Sell,657
2021-08-18,2019-01-01,4,98999677,264,,0.72,960,Sell,657
2021-08-18,2019-01-01,4,98999677,264,,0.99,960,Sell,657
2021-08-18,2021-08-17,4,98999677,264,99695398,0.27,1,Sell,657
2021-08-23,2021-08-17,4,98999677,264,99695398,0.36,6,Sell,657
2021-08-23,2021-08-17,4,98999677,264,99695398,0.36,6,Sell,657
2021-08-27,2021-08-17,4,98999677,264,99695398,0.54,10,Sell,657
2021-08-27,2021-08-17,4,98999677,264,99695398,0.54,10,Sell,657
2021-11-12,2021-08-17,4,98999677,264,99695398,0.18,87,Sell,657
2021-11-13,2021-08-17,4,98999677,264,99695398,0.18,88,Sell,657
2021-11-17,2021-08-17,4,98999677,264,99695398,0.585,92,Sell,657
2021-11-17,2021-11-13,71,98999677,263,99738153,1.2,4,Sell,657
2021-11-18,2021-08-17,4,98999677,264,99695398,1.035,93,Sell,657
2021-11-18,2021-11-13,71,98999677,263,99738153,1.6,5,Sell,657
2021-11-21,2021-08-17,4,98999677,264,99695398,0.405,96,Sell,657
2021-11-21,2021-11-13,71,98999677,263,99738153,0.45,8,Sell,657
2021-11-25,2021-11-13,71,98999677,263,99738153,0.1,12,Sell,657
2021-11-26,2021-11-13,71,98999677,263,99738153,1.65,13,Sell,657
2021-11-29,2021-08-17,4,98999677,264,99695398,0.045,104,Sell,657
2022-02-10,2022-02-01,4,98999677,264,99695398,0.405,9,Sell,657
2022-02-11,2022-02-01,4,98999677,264,99695398,0.135,10,Sell,657
2022-02-12,2022-02-01,4,98999677,264,99695398,0.18,11,Sell,657
2022-02-13,2022-02-01,4,98999677,264,99695398,0.27,12,Sell,657
2022-02-14,2022-02-01,4,98999677,264,99695398,0.135,13,Sell,657
2022-02-18,2022-02-01,4,98999677,264,99695398,0.405,17,Sell,657
2022-02-19,2022-02-01,4,98999677,264,99695398,0.27,18,Sell,657
2022-02-22,2022-02-01,4,98999677,264,99695398,0.135,21,Sell,657
2022-02-23,2022-02-01,4,98999677,264,99695398,0.405,22,Sell,657
2022-02-25,2022-02-01,4,98999677,264,99695398,0.54,24,Sell,657
2022-02-26,2022-02-01,4,98999677,264,99695398,0.135,25,Sell,657
2022-02-27,2022-02-01,4,98999677,264,99695398,0.135,26,Sell,657
2022-02-28,2022-02-01,4,98999677,264,99695398,0.135,27,Sell,657
2022-03-01,2022-02-01,4,98999677,264,99695398,0.135,28,Sell,657
2022-03-04,2022-02-01,4,98999677,264,99695398,0.135,31,Sell,657
2022-03-09,2022-02-01,4,98999677,264,99695398,0.045,36,Sell,657
2022-03-10,2022-02-01,4,98999677,264,99695398,0.81,37,Sell,657
2022-03-14,2022-02-01,4,98999677,264,99695398,0.09,41,Sell,657
2022-02-04,2022-02-03,4,98999673,264,99738156,2.25,1,Sell,657
2022-02-05,2022-02-03,4,98999673,264,99738156,0.135,2,Sell,657
2022-02-05,2022-02-03,4,98999673,264,99738156,0.675,2,Sell,657
2022-02-06,2022-02-03,4,98999673,264,99738156,1.665,3,Sell,657
2022-02-07,2022-02-03,4,98999673,264,99738156,1.125,4,Sell,657
2022-02-08,2022-02-05,4,98999673,264,99738156,0.63,3,Sell,657
2022-02-09,2022-02-05,4,98999673,264,99738156,0.81,4,Sell,657
2022-02-10,2022-02-05,4,98999673,264,99738156,0.675,5,Sell,657
2022-02-11,2022-02-05,4,98999673,264,99738156,0.585,6,Sell,657
2022-02-12,2022-02-05,4,98999673,264,99738156,0.225,7,Sell,657
2019-12-07,2019-12-06,4,98999671,264,98950513,1.44,1,Sell,657
2019-12-08,2019-12-06,4,98999671,264,98950513,0.99,2,Sell,657
2019-12-11,2019-12-06,4,98999671,264,98950513,0.27,5,Sell,657
2021-11-12,2021-11-04,71,98999671,263,99738153,0.2,8,Sell,657
2021-11-13,2021-11-04,71,98999671,263,99738153,0.05,9,Sell,657
2021-11-15,2021-11-04,71,98999671,263,99738153,0.1,11,Sell,657
2021-11-16,2021-11-04,71,98999671,263,99738153,0.05,12,Sell,657
2021-11-18,2021-11-04,71,98999671,263,99738153,0.35,14,Sell,657
2021-11-19,2021-11-04,71,98999671,263,99738153,0.2,15,Sell,657
2021-11-20,2021-11-04,71,98999671,263,99738153,0.2,16,Sell,657
2021-11-21,2021-11-04,71,98999671,263,99738153,0.05,17,Sell,657
2021-11-24,2021-11-04,71,98999671,263,99738153,0.05,20,Sell,657
2021-10-30,2021-10-30,71,98999667,263,99695400,0.1,0,Sell,657
2021-10-31,2021-10-30,71,98999667,263,99695400,0.1,1,Sell,657
2021-11-01,2021-10-30,71,98999667,263,99695400,0.05,2,Sell,657
2021-11-02,2021-10-30,71,98999667,263,99695400,0.05,3,Sell,657
2021-11-04,2021-10-30,71,98999667,263,99695400,0.25,5,Sell,657
2021-11-06,2021-10-30,71,98999667,263,99695400,0.05,7,Sell,657
2021-11-11,2021-10-30,71,98999667,263,99695400,0.25,12,Sell,657
2021-11-12,2021-10-30,71,98999667,263,99695400,0.05,13,Sell,657
2021-11-15,2021-10-30,71,98999667,263,99695400,0.05,16,Sell,657
2021-11-17,2021-10-30,71,98999667,263,99695400,0.05,18,Sell,657
2021-11-18,2021-10-30,71,98999667,263,99695400,0.1,19,Sell,657
2021-11-20,2021-10-30,71,98999667,263,99695400,0.25,21,Sell,657
2021-11-21,2021-10-30,71,98999667,263,99695400,0.15,22,Sell,657
2021-11-22,2021-10-30,71,98999667,263,99695400,0.1,23,Sell,657
2021-11-23,2021-10-30,71,98999667,263,99695400,0.05,24,Sell,657
2021-11-25,2021-10-30,71,98999667,263,99695400,0.1,26,Sell,657
2022-02-08,2022-02-06,4,98999667,264,99738156,1.125,2,Sell,657
2022-02-09,2022-02-06,4,98999667,264,99738156,0.585,3,Sell,657
2022-02-10,2022-02-06,4,98999667,264,99738156,0.18,4,Sell,657
2022-02-14,2022-02-06,4,98999667,264,99738156,0.405,8,Sell,657
2022-02-17,2022-02-06,4,98999667,264,99738156,0.36,11,Sell,657
2022-02-22,2022-02-06,4,98999667,264,99738156,0.36,16,Sell,657
2022-02-24,2022-02-06,4,98999667,264,99738156,0.135,18,Sell,657
2021-11-11,2021-11-10,71,98999665,263,99738153,0.05,1,Sell,657
2021-11-13,2021-11-10,71,98999665,263,99738153,0.2,3,Sell,657
2021-11-14,2021-11-10,71,98999665,263,99738153,0.05,4,Sell,657
2021-11-15,2021-11-10,71,98999665,263,99738153,0.15,5,Sell,657
2021-11-20,2021-11-10,71,98999665,263,99738153,0.2,10,Sell,657
2021-11-23,2021-11-10,71,98999665,263,99738153,0.35,13,Sell,657
2022-02-03,2022-01-30,4,98999665,264,99738153,0.225,4,Sell,657
2022-02-10,2022-01-30,4,98999665,264,99738153,0.765,11,Sell,657
2022-02-12,2022-01-30,4,98999665,264,99738153,0.45,13,Sell,657
2022-03-02,2022-01-30,4,98999665,264,99738153,0.63,31,Sell,657
2022-03-03,2022-01-30,4,98999665,264,99738153,0.225,32,Sell,657
2022-03-04,2022-01-30,4,98999665,264,99738153,0.81,33,Sell,657
2022-03-07,2022-01-30,4,98999665,264,99738153,0.45,36,Sell,657
2022-03-09,2022-01-30,4,98999665,264,99738153,0.18,38,Sell,657
2022-03-13,2022-01-30,4,98999665,264,99738153,0.765,42,Sell,657
2019-01-02,2019-01-01,4,98999659,264,,0.45,1,Sell,657
2019-01-06,2019-01-01,4,98999659,264,,0.675,5,Sell,657
2019-01-07,2019-01-01,4,98999659,264,,0.225,6,Sell,657
2019-01-08,2019-01-01,4,98999659,264,,0.225,7,Sell,657
2019-01-09,2019-01-01,4,98999659,264,,0.45,8,Sell,657
2019-01-24,2019-01-01,4,98999659,264,,0.495,23,Sell,657
2021-11-12,2021-10-30,71,98999659,263,99778678,0.1,13,Sell,657
2021-11-16,2021-10-30,71,98999659,263,99778678,0.15,17,Sell,657
2021-11-17,2021-10-30,71,98999659,263,99778678,0.1,18,Sell,657
2021-11-21,2021-10-30,71,98999659,263,99778678,0.15,22,Sell,657
2021-11-23,2021-10-30,71,98999659,263,99778678,0.2,24,Sell,657
2021-11-25,2021-10-30,71,98999659,263,99778678,0.1,26,Sell,657
2021-11-28,2021-10-30,71,98999659,263,99778678,0.1,29,Sell,657
2021-12-01,2021-10-30,71,98999659,263,99778678,0.05,32,Sell,657
2021-12-03,2021-10-30,71,98999659,263,99778678,0.3,34,Sell,657
2021-12-04,2021-10-30,71,98999659,263,99778678,0.2,35,Sell,657
2021-12-05,2021-10-30,71,98999659,263,99778678,0.85,36,Sell,657
2021-12-06,2021-10-30,71,98999659,263,99778678,0.2,37,Sell,657
2021-12-10,2021-10-30,71,98999659,263,99778678,0.1,41,Sell,657
2021-12-11,2021-10-30,71,98999659,263,99778678,0.65,42,Sell,657
2021-12-12,2021-10-30,71,98999659,263,99778678,0.45,43,Sell,657
2021-08-21,2019-01-01,4,98999655,264,,0.315,963,Sell,657
2021-08-21,2019-01-01,4,98999655,264,,0.315,963,Sell,657
2021-08-27,2019-01-01,4,98999655,264,,1.17,969,Sell,657
2021-08-27,2021-08-19,4,98999655,264,99778678,1.485,8,Sell,657
2021-08-27,2021-08-19,4,98999655,264,99778678,0.315,8,Sell,657
2022-01-30,2022-01-29,4,98999655,264,99778678,0.405,1,Sell,657
2022-02-01,2022-01-29,4,98999655,264,99778678,0.36,3,Sell,657
2022-02-03,2022-01-29,4,98999655,264,99778678,1.08,5,Sell,657
2022-02-04,2022-01-29,4,98999655,264,99778678,0.405,6,Sell,657
2022-02-05,2022-01-29,4,98999655,264,99778678,0.27,7,Sell,657
2022-02-06,2022-01-29,4,98999655,264,99778678,0.36,8,Sell,657
2022-02-07,2022-01-29,4,98999655,264,99778678,1.305,9,Sell,657
2022-02-10,2022-01-29,4,98999655,264,99778678,0.72,12,Sell,657
2022-02-22,2022-01-29,4,98999655,264,99778678,0.405,24,Sell,657
2022-03-01,2022-01-29,4,98999655,264,99778678,0.315,31,Sell,657
2022-03-05,2022-01-29,4,98999655,264,99778678,1.53,35,Sell,657
2022-03-13,2022-01-29,4,98999655,264,99778678,1.485,43,Sell,657
2022-03-14,2022-01-29,4,98999655,264,99778678,0.81,44,Sell,657
2022-03-15,2022-01-29,4,98999655,264,99778678,0.675,45,Sell,657
2022-03-17,2022-01-29,4,98999655,264,99778678,0.36,47,Sell,657
2022-03-20,2022-01-29,4,98999655,264,99778678,0.99,50,Sell,657
2022-03-22,2022-01-29,4,98999655,264,99778678,0.315,52,Sell,657
2022-03-23,2022-01-29,4,98999655,264,99778678,0.72,53,Sell,657
2022-03-24,2022-01-29,4,98999655,264,99778678,0.27,54,Sell,657
2022-04-18,2022-01-29,4,98999655,264,99778678,0.495,79,Sell,657
2022-04-21,2022-01-29,4,98999655,264,99778678,0.27,82,Sell,657
2022-05-05,2022-01-29,4,98999655,264,99778678,0.225,96,Sell,657
2022-05-11,2022-01-29,4,98999655,264,99778678,0.18,102,Sell,657
2022-05-13,2022-01-29,4,98999655,264,99778678,1.08,104,Sell,657
2022-05-14,2022-01-29,4,98999655,264,99778678,0.18,105,Sell,657
2022-05-25,2022-01-29,4,98999655,264,99778678,0.135,116,Sell,657
2022-01-30,2022-01-29,4,98999653,264,99738153,0.63,1,Sell,657
2022-02-01,2022-01-29,4,98999653,264,99738153,1.08,3,Sell,657
2022-02-02,2022-01-29,4,98999653,264,99738153,0.36,4,Sell,657
2022-02-03,2022-01-29,4,98999653,264,99738153,1.35,5,Sell,657
2022-02-04,2022-01-29,4,98999653,264,99738153,1.44,6,Sell,657
2022-02-05,2022-01-29,4,98999653,264,99738153,1.035,7,Sell,657
2022-02-06,2022-01-29,4,98999653,264,99738153,1.62,8,Sell,657
2022-02-08,2022-01-29,4,98999653,264,99738153,1.485,10,Sell,657
2022-02-10,2022-01-29,4,98999653,264,99738153,0.63,12,Sell,657
2022-02-11,2022-01-29,4,98999653,264,99738153,0.945,13,Sell,657
2022-02-12,2022-01-29,4,98999653,264,99738153,1.62,14,Sell,657
2022-02-13,2022-01-29,4,98999653,264,99738153,0.72,15,Sell,657
2022-02-14,2022-01-29,4,98999653,264,99738153,0.585,16,Sell,657
2022-02-16,2022-01-29,4,98999653,264,99738153,0.36,18,Sell,657
2022-02-17,2022-01-29,4,98999653,264,99738153,0.54,19,Sell,657
2022-03-09,2022-01-29,4,98999653,264,99738153,0.09,39,Sell,657
2022-03-12,2022-01-29,4,98999653,264,99738153,0.18,42,Sell,657
2022-03-14,2022-01-29,4,98999653,264,99738153,0.18,44,Sell,657
2022-03-16,2022-01-29,4,98999653,264,99738153,4.5,46,Sell,657
2022-02-05,2022-01-29,4,98999651,264,99738153,0.135,7,Sell,657
2022-02-06,2022-01-29,4,98999651,264,99738153,0.495,8,Sell,657
2022-02-07,2022-01-29,4,98999651,264,99738153,0.225,9,Sell,657
2022-02-09,2022-01-29,4,98999651,264,99738153,0.585,11,Sell,657
2022-02-10,2022-01-29,4,98999651,264,99738153,0.45,12,Sell,657
2022-02-11,2022-01-29,4,98999651,264,99738153,0.36,13,Sell,657
2019-08-15,2019-08-10,91,98999649,264,99695398,1,5,Sell,657
2019-08-18,2019-08-10,91,98999649,264,99695398,2.25,8,Sell,657
2019-08-23,2019-08-10,91,98999649,264,99695398,3.75,13,Sell,657
2019-08-24,2019-08-10,91,98999649,264,99695398,0.75,14,Sell,657
2019-08-25,2019-08-10,91,98999649,264,99695398,0.75,15,Sell,657
2019-08-26,2019-08-10,91,98999649,264,99695398,1.5,16,Sell,657
2019-08-27,2019-08-10,91,98999649,264,99695398,2.8,17,Sell,657
2019-08-29,2019-08-10,91,98999649,264,99695398,12.3,19,Sell,657
2019-08-30,2019-08-10,91,98999649,264,99695398,6.65,20,Sell,657
2019-08-31,2019-08-10,91,98999649,264,99695398,9.2,21,Sell,657
2019-09-01,2019-08-10,91,98999649,264,99695398,1.25,22,Sell,657
2019-09-02,2019-08-10,91,98999649,264,99695398,4.4,23,Sell,657
2019-09-08,2019-08-10,91,98999649,264,99695398,3.4,29,Sell,657
2019-10-14,2019-10-09,4,98999649,264,99695398,0.45,5,Sell,657
2019-10-26,2019-10-09,4,98999649,264,99695398,2.25,17,Sell,657
2019-11-30,2019-10-09,4,98999649,264,99695398,1.35,52,Sell,657
2020-01-14,2019-10-09,4,98999649,264,99695398,0.225,97,Sell,657
2020-07-06,2020-06-30,71,98999645,263,99695400,0.25,6,Sell,657
2020-07-09,2020-06-30,71,98999645,263,99695400,2.25,9,Sell,657
2020-07-10,2020-07-09,71,98999645,263,99695400,0.25,1,Sell,657
2020-07-12,2020-07-09,71,98999645,263,99695400,0.85,3,Sell,657
2020-07-16,2020-07-09,71,98999645,263,99695400,1.5,7,Sell,657
2020-07-17,2020-07-09,71,98999645,263,99695400,1.3,8,Sell,657
2020-07-30,2020-07-09,71,98999645,263,99695400,0.3,21,Sell,657
2020-08-12,2020-07-09,71,98999645,263,99695400,0.3,34,Sell,657
2021-08-18,2019-01-01,4,98999645,264,,0.945,960,Sell,657
2021-08-18,2019-01-01,4,98999645,264,,0.945,960,Sell,657
2021-08-22,2019-01-01,4,98999645,264,,0.675,964,Sell,657
2021-08-22,2019-01-01,4,98999645,264,,0.81,964,Sell,657
2021-08-22,2021-08-17,4,98999645,264,99695398,0.135,5,Sell,657
2021-08-23,2021-08-17,4,98999645,264,99695398,0.405,6,Sell,657
2021-08-23,2021-08-17,4,98999645,264,99695398,0.405,6,Sell,657
2021-08-24,2021-08-17,4,98999645,264,99695398,0.45,7,Sell,657
2021-08-24,2021-08-17,4,98999645,264,99695398,0.45,7,Sell,657
2021-08-27,2021-08-17,4,98999645,264,99695398,0.765,10,Sell,657
2021-08-27,2021-08-17,4,98999645,264,99695398,0.765,10,Sell,657
2021-11-11,2021-10-29,71,98999645,263,99695398,0.15,13,Sell,657
2021-11-14,2021-10-29,71,98999645,263,99695398,1.7,16,Sell,657
2021-11-15,2021-10-29,71,98999645,263,99695398,0.15,17,Sell,657
2021-11-16,2021-10-29,71,98999645,263,99695398,0.1,18,Sell,657
2021-11-17,2021-10-29,71,98999645,263,99695398,0.3,19,Sell,657
2021-11-19,2021-10-29,71,98999645,263,99695398,0.1,21,Sell,657
2022-02-06,2022-02-01,4,98999645,264,99695398,0.54,5,Sell,657
2022-02-08,2022-02-01,4,98999645,264,99695398,3.015,7,Sell,657
2022-02-09,2022-02-01,4,98999645,264,99695398,0.945,8,Sell,657
2022-03-29,2022-03-20,4,98999645,264,99695400,1.575,9,Sell,657
2022-03-30,2022-03-20,4,98999645,264,99695400,0.405,10,Sell,657
2022-07-02,2022-03-20,4,98999645,264,99695400,1.665,104,Sell,657
2022-07-07,2022-03-20,4,98999645,264,99695400,0.315,109,Sell,657
2022-07-21,2022-03-20,4,98999645,264,99695400,1.44,123,Sell,657
2022-07-23,2022-03-20,4,98999645,264,99695400,1.08,125,Sell,657
2022-07-24,2022-03-20,4,98999645,264,99695400,0.27,126,Sell,657
2021-11-04,2021-10-31,71,98999643,263,99738153,0.1,4,Sell,657
2021-11-08,2021-10-31,71,98999643,263,99738153,0.1,8,Sell,657
2021-11-09,2021-10-31,71,98999643,263,99738153,0.35,9,Sell,657
2021-11-10,2021-10-31,71,98999643,263,99738153,0.1,10,Sell,657
2021-11-11,2021-10-31,71,98999643,263,99738153,0.05,11,Sell,657
2021-11-12,2021-10-31,71,98999643,263,99738153,1.1,12,Sell,657
2021-11-13,2021-10-31,71,98999643,263,99738153,0.05,13,Sell,657
2021-11-14,2021-10-31,71,98999643,263,99738153,0.7,14,Sell,657
2021-11-15,2021-10-31,71,98999643,263,99738153,0.3,15,Sell,657
2021-11-16,2021-10-31,71,98999643,263,99738153,0.15,16,Sell,657
2021-03-05,2020-09-28,4,98999641,264,99695400,1.53,158,Sell,657
2021-03-06,2020-09-28,4,98999641,264,99695400,0.81,159,Sell,657
2021-03-07,2020-09-28,4,98999641,264,99695400,1.89,160,Sell,657
2021-03-08,2020-09-28,4,98999641,264,99695400,0.36,161,Sell,657
2021-03-09,2020-09-28,4,98999641,264,99695400,0.405,162,Sell,657
2021-03-10,2020-09-28,4,98999641,264,99695400,1.17,163,Sell,657
2021-03-11,2020-09-28,4,98999641,264,99695400,0.765,164,Sell,657
2021-03-11,2020-11-16,4,98999641,264,98841692,2.7,115,Sell,657
2021-03-12,2020-11-16,4,98999641,264,98841692,2.745,116,Sell,657
2021-03-13,2020-11-16,4,98999641,264,98841692,0.81,117,Sell,657
2021-03-14,2020-11-16,4,98999641,264,98841692,0.405,118,Sell,657
2021-03-15,2020-11-16,4,98999641,264,98841692,2.34,119,Sell,657
2021-03-16,2020-11-16,4,98999641,264,98841692,1.89,120,Sell,657
2021-03-17,2020-11-16,4,98999641,264,98841692,0.27,121,Sell,657
2021-03-19,2020-11-16,4,98999641,264,98841692,0.405,123,Sell,657
2021-03-25,2020-11-16,4,98999641,264,98841692,0.405,129,Sell,657
2021-05-02,2020-11-16,4,98999641,264,98841692,1.215,167,Sell,657
2021-05-16,2020-11-16,4,98999641,264,98841692,0.405,181,Sell,657
2021-05-22,2020-11-16,4,98999641,264,98841692,0.45,187,Sell,657
2021-05-28,2020-11-16,4,98999641,264,98841692,1.215,193,Sell,657
2021-05-29,2020-11-16,4,98999641,264,98841692,0.765,194,Sell,657
2021-05-31,2020-11-16,4,98999641,264,98841692,1.62,196,Sell,657
2021-07-25,2020-11-16,4,98999641,264,98841692,0.18,251,Sell,657
2021-07-25,2020-11-16,4,98999641,264,98841692,0.18,251,Sell,657
2022-02-09,2022-02-01,4,98999641,264,99695400,2.34,8,Sell,657
2022-02-10,2022-02-01,4,98999641,264,99695400,0.765,9,Sell,657
2022-02-12,2022-02-01,4,98999641,264,99695400,0.36,11,Sell,657
2022-02-13,2022-02-01,4,98999641,264,99695400,0.405,12,Sell,657
2022-02-25,2022-02-01,4,98999641,264,99695400,0.405,24,Sell,657
2022-02-26,2022-02-01,4,98999641,264,99695400,1.17,25,Sell,657
2022-02-27,2022-02-01,4,98999641,264,99695400,0.405,26,Sell,657
2022-03-01,2022-02-01,4,98999641,264,99695400,0.405,28,Sell,657
2022-03-02,2022-02-01,4,98999641,264,99695400,0.405,29,Sell,657
2022-09-13,2022-02-01,4,98999641,264,99695400,2.34,224,Sell,657
2022-08-25,2022-02-14,60,98998916,265,1,0.45,192,Sell,389